time_UTC,latitude_degrees_north,longitude_degrees_east,BAA,BAA_MAX,DHW_Celsius_weeks,HOTSPOT_Celsius,SST_Celsius,SSTANOMALY_Celsius
2022-02-18T12:00:00Z,-18.675,146.475,1,1,2.37,0.36,29.15,0.44
2022-02-19T12:00:00Z,-18.675,146.475,1,1,2.37,0.37,29.16,0.47
2022-02-20T12:00:00Z,-18.675,146.475,1,1,2.37,0.32,29.11,0.45
2022-02-21T12:00:00Z,-18.675,146.475,1,1,2.37,0.28,29.07,0.43
2022-02-22T12:00:00Z,-18.675,146.475,1,1,2.37,0.28,29.07,0.46
2022-02-23T12:00:00Z,-18.675,146.475,1,1,2.37,0.3,29.09,0.5
2022-02-24T12:00:00Z,-18.675,146.475,1,1,2.37,0.75,29.54,0.98
2022-02-25T12:00:00Z,-18.675,146.475,2,2,2.54,1.21,30,1.46
2022-02-26T12:00:00Z,-18.675,146.475,2,2,2.74,1.34,30.13,1.62
2022-02-27T12:00:00Z,-18.675,146.475,2,2,2.96,1.54,30.33,1.84
2022-02-28T12:00:00Z,-18.675,146.475,2,2,3.21,1.77,30.56,2.09
2022-03-01T12:00:00Z,-18.675,146.475,2,2,3.44,1.61,30.4,1.96
2022-03-02T12:00:00Z,-18.675,146.475,2,2,3.65,1.47,30.26,1.85
2022-03-03T12:00:00Z,-18.675,146.475,2,2,3.86,1.51,30.3,1.91
2022-03-04T12:00:00Z,-18.675,146.475,3,3,4.12,1.78,30.57,2.21
2022-03-05T12:00:00Z,-18.675,146.475,3,3,4.37,1.75,30.54,2.2
2022-03-06T12:00:00Z,-18.675,146.475,3,3,4.49,1.88,30.67,2.35
2022-03-07T12:00:00Z,-18.675,146.475,3,3,4.73,1.64,30.43,2.14
2022-03-08T12:00:00Z,-18.675,146.475,3,3,5.02,2.04,30.83,2.57
2022-03-09T12:00:00Z,-18.675,146.475,3,3,5.28,1.79,30.58,2.34
2022-03-10T12:00:00Z,-18.675,146.475,3,3,5.54,1.85,30.64,2.42
2022-03-11T12:00:00Z,-18.675,146.475,3,3,5.81,1.86,30.65,2.46
2022-03-12T12:00:00Z,-18.675,146.475,3,3,5.9,1.72,30.51,2.34
2022-03-13T12:00:00Z,-18.675,146.475,3,3,6.09,1.36,30.15,2.01
2022-03-14T12:00:00Z,-18.675,146.475,3,3,6.1,1.09,29.88,1.77
2022-03-15T12:00:00Z,-18.675,146.475,1,3,5.95,0.88,29.67,1.58
2022-03-16T12:00:00Z,-18.675,146.475,1,3,5.8,0.79,29.58,1.53
2022-03-17T12:00:00Z,-18.675,146.475,1,3,5.63,0.68,29.47,1.47
2022-03-18T12:00:00Z,-18.675,146.475,1,3,5.44,0.39,29.18,1.22
2022-03-19T12:00:00Z,-18.675,146.475,1,3,5.27,0.19,28.98,1.07
2022-03-20T12:00:00Z,-18.675,146.475,1,3,5.27,0.16,28.95,1.08
2022-03-21T12:00:00Z,-18.675,146.475,1,1,5.27,0.27,29.06,1.24
2022-03-22T12:00:00Z,-18.675,146.475,1,1,5.27,0.15,28.94,1.16
2022-03-23T12:00:00Z,-18.675,146.475,0,1,5.27,-0.15,28.64,0.9
2022-03-24T12:00:00Z,-18.675,146.475,0,1,5.27,-0.05,28.74,1.05
2022-03-25T12:00:00Z,-18.675,146.475,0,1,5.27,-0.12,28.67,1.02
2022-03-26T12:00:00Z,-18.675,146.475,0,1,5.27,-0.25,28.54,0.94
2022-03-27T12:00:00Z,-18.675,146.475,0,1,5.27,-0.2,28.59,1.03
2022-03-28T12:00:00Z,-18.675,146.475,0,1,5.27,-0.02,28.77,1.25
2022-03-29T12:00:00Z,-18.675,146.475,1,1,5.27,0.17,28.96,1.49
2022-03-30T12:00:00Z,-18.675,146.475,1,1,5.12,0.24,29.03,1.6
2022-03-31T12:00:00Z,-18.675,146.475,1,1,5.12,0.14,28.93,1.55
2022-04-01T12:00:00Z,-18.675,146.475,1,1,5.12,0.14,28.93,1.59
2022-04-02T12:00:00Z,-18.675,146.475,1,1,5.12,0.11,28.9,1.61
2022-04-03T12:00:00Z,-18.675,146.475,1,1,4.96,0.16,28.95,1.7
2022-04-04T12:00:00Z,-18.675,146.475,1,1,4.8,0.13,28.92,1.71
2022-04-05T12:00:00Z,-18.675,146.475,1,1,4.65,0.2,28.99,1.83
2022-04-06T12:00:00Z,-18.675,146.475,1,1,4.65,0.22,29.01,1.89
2022-04-07T12:00:00Z,-18.675,146.475,1,1,4.65,0.27,29.06,1.99
2022-04-08T12:00:00Z,-18.675,146.475,1,1,4.65,0.27,29.06,2.03
2022-04-09T12:00:00Z,-18.675,146.475,1,1,4.65,0.24,29.03,2.04
2022-04-10T12:00:00Z,-18.675,146.475,1,1,4.65,0.21,29,2.06
2022-04-11T12:00:00Z,-18.675,146.475,1,1,4.65,0.29,29.08,2.18
2022-04-12T12:00:00Z,-18.675,146.475,1,1,4.65,0.1,28.89,2.04
2022-04-13T12:00:00Z,-18.675,146.475,0,1,4.48,-0.07,28.72,1.91
2022-04-14T12:00:00Z,-18.675,146.475,0,1,4.33,-0.19,28.6,1.84
2022-04-15T12:00:00Z,-18.675,146.475,0,1,4.33,-0.38,28.41,1.69
2022-04-16T12:00:00Z,-18.675,146.475,0,1,4.17,-0.64,28.15,1.48
2022-04-17T12:00:00Z,-18.675,146.475,0,1,4.17,-0.85,27.94,1.33
2022-04-18T12:00:00Z,-18.675,146.475,0,1,4.17,-0.94,27.85,1.29
2022-04-19T12:00:00Z,-18.675,146.475,0,0,4.17,-0.96,27.83,1.32
2022-04-20T12:00:00Z,-18.675,146.475,0,0,4.17,-1.18,27.61,1.16
2022-04-21T12:00:00Z,-18.675,146.475,0,0,4.17,-1.31,27.48,1.08
2022-04-22T12:00:00Z,-18.675,146.475,0,0,4.17,-1.45,27.34,0.99
2022-04-23T12:00:00Z,-18.675,146.475,0,0,4.17,-1.54,27.25,0.96
2022-04-24T12:00:00Z,-18.675,146.475,0,0,4.17,-1.67,27.12,0.88
2022-04-25T12:00:00Z,-18.675,146.475,0,0,4.17,-1.73,27.06,0.87
2022-04-26T12:00:00Z,-18.675,146.475,0,0,4.17,-1.86,26.93,0.8
2022-04-27T12:00:00Z,-18.675,146.475,0,0,4.17,-2.1,26.69,0.61
2022-04-28T12:00:00Z,-18.675,146.475,0,0,4.17,-2.18,26.61,0.58
2022-04-29T12:00:00Z,-18.675,146.475,0,0,4.17,-2.19,26.6,0.63
2022-04-30T12:00:00Z,-18.675,146.475,0,0,4.17,-2.19,26.6,0.68
2022-05-01T12:00:00Z,-18.675,146.475,0,0,4.17,-2.16,26.63,0.76
2022-05-02T12:00:00Z,-18.675,146.475,0,0,4.17,-2.37,26.42,0.61
2022-05-03T12:00:00Z,-18.675,146.475,0,0,4.17,-2.38,26.41,0.65
2022-05-04T12:00:00Z,-18.675,146.475,0,0,4.17,-2.42,26.37,0.66
2022-05-05T12:00:00Z,-18.675,146.475,0,0,4.17,-2.37,26.42,0.77
2022-05-06T12:00:00Z,-18.675,146.475,0,0,4.17,-2.26,26.53,0.93
2022-05-07T12:00:00Z,-18.675,146.475,0,0,4.17,-2.31,26.48,0.93
2022-05-08T12:00:00Z,-18.675,146.475,0,0,4.17,-2.5,26.29,0.8
2022-05-09T12:00:00Z,-18.675,146.475,0,0,4.17,-2.38,26.41,0.97
2022-05-10T12:00:00Z,-18.675,146.475,0,0,4.17,-2.5,26.29,0.9
2022-05-11T12:00:00Z,-18.675,146.475,0,0,4.17,-2.61,26.18,0.85
2022-05-12T12:00:00Z,-18.675,146.475,0,0,4.17,-2.73,26.06,0.78
2022-05-13T12:00:00Z,-18.675,146.475,0,0,4.17,-2.79,26,0.77
2022-05-14T12:00:00Z,-18.675,146.475,0,0,4.17,-2.95,25.84,0.67
2022-05-15T12:00:00Z,-18.675,146.475,0,0,4.17,-2.85,25.94,0.82
2022-05-16T12:00:00Z,-18.675,146.475,0,0,4.17,-2.85,25.94,0.89
2022-05-17T12:00:00Z,-18.675,146.475,0,0,4.17,-2.75,26.04,1.06
2022-05-18T12:00:00Z,-18.675,146.475,0,0,4.17,-2.63,26.16,1.24
2022-05-19T12:00:00Z,-18.675,146.475,0,0,4.17,-2.52,26.27,1.42
2022-05-20T12:00:00Z,-18.675,146.475,0,0,4,-2.73,26.06,1.28
2022-05-21T12:00:00Z,-18.675,146.475,0,0,3.81,-2.83,25.96,1.25
2022-05-22T12:00:00Z,-18.675,146.475,0,0,3.59,-3.01,25.78,1.13
2022-05-23T12:00:00Z,-18.675,146.475,0,0,3.34,-2.99,25.8,1.22
2022-05-24T12:00:00Z,-18.675,146.475,0,0,3.11,-3.08,25.71,1.2
2022-05-25T12:00:00Z,-18.675,146.475,0,0,2.9,-3.02,25.77,1.33
2022-05-26T12:00:00Z,-18.675,146.475,0,0,2.68,-3.11,25.68,1.31
