Reef,Month,2000,2001,2002,2003,2004,2005,2006,2007,2008,2009,2010,2011,2012,2013,2014,2015,2016,2017,2018,2019,2020,2021
Wood,1,28.79,28.12,28.94,28.72,29.05,28.52,28.95,28.53,28.39,29.17,28.91,28.85,29.08,28.86,28.91,28.91,28.98,29.31,29.26,28.92,29.54,29.71
Wood,2,28.68,29.1,28.79,29.23,29.38,28.58,28.88,28.55,29.11,28.8,29.26,29,28.52,29.28,28.39,28.59,29.7,29.61,29.12,28.21,29.44,29.26
Wood,3,28.3,28.73,28.52,28.51,28.99,28.21,28.44,28.74,28.25,28.6,29.22,29.06,28.85,28.92,28.18,28.18,29.96,29.61,28.92,28.68,29.25,28.69
Wood,4,27.87,27.41,27.48,27.77,27.46,27.52,28.08,27.5,27.02,28.38,28.68,28.19,28.02,28.21,27.76,27.6,28.72,28.45,28.33,27.98,28.29,28.38
Wood,5,26.9,26.85,26.58,26.85,27.02,26.7,26.78,26.62,26.05,27.2,27.48,26.49,27.06,27.05,26.96,26.79,28.07,27,26.72,27.1,27.2,27.26
Wood,6,24.89,25.68,26.05,26.07,25.77,25.74,26.18,25.92,25.33,26.34,26.77,25.59,25.53,26.08,25.98,25.92,27.14,25.88,25.43,25.91,26.07,26.22
Wood,7,24.21,25.12,24.97,25.27,24.79,25.36,25.29,25.04,24.74,25.94,26.03,24.37,25.29,25.46,25.08,25.14,26.25,25.32,25.07,24.84,25.47,26.14
Wood,8,23.97,24.74,24.66,24.9,24.66,24.9,24.61,24.68,24.29,25.23,26.09,24.06,24.68,25.27,24.61,24.96,25.74,25.25,25.03,24.63,25.37,25.93
Wood,9,24.71,25.18,25.13,24.8,24.79,24.8,24.7,25.04,25.38,25.68,26.54,24.6,25.14,25.44,24.97,25.25,26.14,25.14,25.14,24.54,25.47,25.9
Wood,10,25.73,26.11,25.64,26.11,25.36,25.87,24.76,25.72,26.11,26.3,27.43,26.4,26.58,26.21,25.49,25.35,27.04,26.61,26.11,25.39,26.09,27.11
Wood,11,27.89,27.58,26.53,26.52,26.72,27.42,26.21,27.08,27.57,26.96,28,27.56,27.03,27.49,26.67,26.98,27.96,27.66,27.59,26.56,27.57,28.62
Wood,12,27.77,28.68,28.26,28.21,28.07,28.5,27.33,28.23,29.32,28.47,29.45,29.21,28.1,28.38,28.8,28.3,28.58,28.61,29.19,28.4,29.17,29.74
Martin,1,28.69,27.84,29.25,28.5,29.13,28.7,28.97,28.67,28.7,29.27,28.73,29.02,28.81,28.64,28.61,28.98,29.12,29.54,28.94,28.61,29.29,29.48
Martin,2,28.55,28.55,29.23,29.27,29.44,28.8,29.24,29.13,29.2,29.28,29.1,28.69,28.7,29.01,28.43,28.91,29.82,29.6,29.25,28.91,29.62,29.34
Martin,3,28,28.77,28.59,28.25,28.93,28.13,28.56,28.37,27.87,28.13,28.84,28.78,28.53,28.81,27.89,28.49,29.72,29.84,28.73,28.81,29.01,28.72
Martin,4,27.32,27.21,27.36,27.54,26.91,27.14,27.74,26.83,26.49,27.69,27.64,26.99,27.25,27.66,27.22,27.68,28.3,28.06,27.73,27.67,28.08,28.01
Martin,5,25.79,26.2,25.76,26.12,25.9,25.88,25.62,25.96,25.06,26.15,26.29,25.36,25.82,26.04,26.23,26.29,27.26,25.94,25.77,26.15,26.3,26.12
Martin,6,23.54,24.8,24.59,25.31,24.21,24.83,24.64,24.98,24.48,25.05,25.39,23.82,23.93,24.84,24.8,24.95,26.43,24.26,24.08,24.55,24.73,25.14
Martin,7,23.16,23.92,23.33,24.2,23.38,24,23.62,23.34,23.4,24.71,25.16,22.56,23.56,23.96,23.89,24.06,25.4,24.21,23.93,23.36,24.12,24.94
Martin,8,23,23.58,23.9,23.86,23.91,23.43,23.51,23.66,23.21,24.26,25.04,23.16,23.45,24.35,23.84,24.1,24.59,24.59,24.25,23.35,24.54,24.8
Martin,9,24.59,24.98,24.34,24.5,24.14,24.25,23.95,24.38,24.99,25.33,26.13,24.01,24.69,24.97,24.22,25.04,25.85,24.63,24.76,23.8,25.01,24.83
Martin,10,25.86,25.99,25.39,25.95,25.35,26.01,24.37,25.76,25.96,26.11,26.83,26.04,25.81,26.14,25.3,25.11,26.83,26.24,25.82,25.17,25.92,26.97
Martin,11,27.41,27.41,26.43,26.58,26.82,27.3,26.32,26.8,27.51,26.8,27.56,27.27,26.74,27.07,26.76,27.01,27.78,27.43,27.39,26.51,27.43,28.39
Martin,12,27.37,28.81,28.02,28.27,28.08,28.42,27.18,28.15,29.19,28.11,29.2,28.82,27.93,28.12,28.43,28.03,28.39,28.71,29.05,28.17,28.98,29.39
Arlington,1,28.27,27.8,29.35,28.37,29.21,28.37,29.11,28.68,29.13,29.33,29.03,29.29,28.84,28.84,28.64,29.13,29.16,29.57,28.93,28.53,29.09,29.18
Arlington,2,28.19,28.8,29.19,29.24,29.29,29.08,29.39,28.53,29.07,29.21,29.17,28.65,29.21,29.38,28.58,29.04,29.85,29.69,29.1,29,29.89,29.33
Arlington,3,27.7,29.11,28.49,28.23,28.57,28.38,28.49,28.31,27.64,28.16,28.9,28.67,28.54,28.78,27.87,28.82,29.48,29.9,28.46,28.51,29.09,28.62
Arlington,4,27.11,27.09,27.34,27.67,26.99,27.39,27.61,27.02,26.63,27.71,27.47,27,27.33,27.48,27.35,27.83,28.34,28.11,27.58,27.53,28.16,27.84
Arlington,5,25.75,26.5,25.95,26.23,25.85,26.03,25.76,26.19,25.37,26.12,26.72,25.54,25.95,26.18,26.25,26.41,27.49,26.17,25.93,26.37,26.57,26.12
Arlington,6,23.72,25.07,25.06,25.49,24.85,24.83,24.44,25.21,24.7,25.39,25.67,23.89,23.98,25.04,25.17,25,26.58,24.72,24.46,24.87,25.16,25.32
Arlington,7,23.36,24.33,23.86,24.48,23.9,24.25,24,23.89,23.55,25.18,25.24,23.18,23.64,24.34,24.43,24.41,25.75,24.69,24.3,23.7,24.94,25.07
Arlington,8,23.05,23.84,24.08,24.15,24.16,23.78,23.85,23.83,23.79,24.76,25.21,23.78,23.98,24.88,24.14,24.5,25.05,25.05,24.59,23.72,24.79,25.01
Arlington,9,24.53,24.74,24.64,24.59,24.31,24.3,24,24.37,25.07,25.48,26.21,24.33,24.78,25.2,24.57,25.07,25.88,24.95,24.93,24.29,25.26,25.22
Arlington,10,25.94,25.56,25.34,25.93,25.48,26.15,24.55,25.85,26.23,26.23,26.62,25.98,25.94,26.24,25.42,25.2,26.83,26.2,25.9,25.49,26.07,27.01
Arlington,11,27.46,27.33,26.36,26.55,26.96,27.21,26.17,26.81,27.57,26.74,27.35,27.25,26.79,27.13,26.9,27.05,27.65,27.24,27.35,26.55,27.46,28.17
Arlington,12,27.48,28.73,27.93,28.27,27.78,28.46,27.1,28.21,29.19,28.1,29.09,29,28,28.24,28.43,28.1,28.38,28.51,28.76,28.02,28.85,29.3
Fantome Is.,1,28.02,27.93,28.99,28.43,29.15,28.49,29.14,28.48,29.2,29.03,28.87,29.3,28.76,28.99,28.65,29.22,29.37,29.66,28.99,28.35,29.27,28.71
Fantome Is.,2,28.22,28.74,29.54,29.08,29.14,29.34,29.53,28.08,28.83,29.09,29.13,28.71,29.51,29.45,28.17,29.14,29.64,29.81,28.9,28.6,30.05,29.11
Fantome Is.,3,27.35,28.97,28.8,28.71,28.73,28.27,28.32,28.17,27.58,28.19,28.43,28.29,28.37,28.47,27.62,29.04,29.07,29.88,28.42,28.47,28.95,28.7
Fantome Is.,4,26.57,26.89,26.8,27.76,26.6,26.96,27.31,26.47,26.39,27.41,26.9,26.37,26.88,26.83,27.03,28.02,27.83,27.38,27.21,27.11,27.91,27.53
Fantome Is.,5,24.78,26.14,25.33,25.52,25.41,25.09,25.04,25.59,24.56,25.16,25.55,24.36,24.96,24.95,25.33,26.01,26.49,25.14,25.13,25.28,25.37,25.22
Fantome Is.,6,22.07,23.61,23.76,24.07,23.49,23.71,23.13,23.68,23.1,23.8,23.98,22.41,22.21,23.36,23.65,23.85,25.15,23.26,23.03,23.19,23.51,23.5
Fantome Is.,7,21.91,22.95,21.96,22.62,22.41,22.54,22.4,21.48,21.95,23.46,23.07,21.4,21.26,22.43,22.42,22.63,23.85,23.15,22.8,22.17,22.61,23.5
Fantome Is.,8,21.96,22.7,22.31,22.81,22.9,22.07,22.34,22.25,21.68,23.55,23.75,21.83,21.7,23.12,22.65,23.07,23.19,23.71,23.45,22.17,23.04,23.63
Fantome Is.,9,23.66,24.13,23.78,24.13,23.65,23.54,23.17,23.64,23.69,24.87,25.21,22.85,23.98,24.34,23.93,24.42,24.7,24.71,24.43,23.35,23.85,23.75
Fantome Is.,10,25.25,25.59,25.18,25.89,25.53,25.99,24.05,25.54,25.8,25.89,25.98,25.22,25.23,26.13,25.56,24.86,26.48,26.31,25.72,25.18,25.64,26.52
Fantome Is.,11,27.18,27.24,26.66,26.73,27.05,27.52,25.94,26.76,27.43,26.61,26.74,27.01,26.83,27.51,27.2,27.22,27.63,26.95,27.67,26.74,27.45,27.98
Fantome Is.,12,26.9,28.58,27.99,28.28,27.79,28.46,27.17,28.32,28.96,28.21,28.63,28.42,28.17,28.04,28.69,28.38,28.63,28.74,28.63,28.04,28.81,29.39
Davies,1,27.75,27.72,28.97,28.17,28.82,28.05,28.52,27.92,28.7,28.94,28.49,28.97,28.55,28.43,28.45,29.02,28.69,29.09,28.58,28.12,28.52,28.56
Davies,2,27.97,28.37,29.21,28.55,29.03,28.81,28.9,28.01,28.43,28.78,28.86,28.31,29.04,28.85,28.12,28.71,29.2,29.11,28.71,28.34,29.66,28.73
Davies,3,27.47,28.83,28.4,28.14,28.6,28.19,28,27.87,27.3,27.9,28.42,28.26,28.37,28.16,27.54,28.76,29.09,29.34,28.29,28.18,28.58,28.42
Davies,4,26.82,27.08,27.18,27.58,26.84,27.19,27.38,26.56,26.36,27.39,27.39,26.78,27.2,27.02,27.2,27.97,28.09,27.62,27.11,27.24,27.78,27.35
Davies,5,25.4,26.52,25.98,25.97,25.94,25.79,25.58,25.8,24.95,26.03,26.25,25.47,25.55,25.74,26.07,26.38,27.11,25.78,25.62,25.96,26.27,25.87
Davies,6,23.61,24.62,25.01,24.99,24.73,24.28,24.13,24.68,23.92,24.9,25.07,23.88,23.65,24.6,24.83,24.66,25.89,24.52,23.96,24.41,24.83,24.94
Davies,7,22.8,23.84,23.25,23.91,23.54,23.52,23.54,23.09,23.07,24.49,24.56,22.96,22.89,23.81,23.92,23.75,25.02,24.16,23.66,23.27,24,24.46
Davies,8,22.58,23.54,23.27,23.69,23.41,23.17,23.2,23.08,22.92,24.23,24.59,22.95,22.85,24.01,23.55,23.84,24.25,24.47,23.87,23.17,23.88,24.29
Davies,9,23.69,24.21,24.04,24.31,23.94,23.66,23.5,23.9,24.11,25.16,25.63,23.31,24.39,24.77,23.92,24.55,25.01,24.71,24.39,23.48,24.62,24.39
Davies,10,25.05,25.35,25.04,25.48,25.09,25.63,23.96,25.26,25.71,25.99,26.21,25.19,25.29,25.95,25,24.87,26.53,25.78,25.52,24.92,25.45,26.39
Davies,11,26.87,26.96,25.9,26.2,26.57,27.04,25.53,26.34,26.99,26.48,26.76,26.57,26.52,27.05,26.58,26.74,27.26,26.59,26.99,26.3,26.84,27.57
Davies,12,27,28.3,27.22,27.81,27.3,28.08,26.69,27.74,28.75,27.91,28.61,28.3,27.7,27.64,28.09,27.84,28.15,28.1,28.09,27.45,28.27,28.89